,D,Ms,DMI,Sk
0,160.0,600.0,0.5,-0.006134755734609597
1,160.0,650.0,0.5,-0.007111339825529467
2,160.0,700.0,0.5,-0.008523410882259252
3,160.0,750.0,0.5,-0.010737511637991758
4,160.0,800.0,0.5,-0.014737297941916253
5,160.0,850.0,0.5,0.8960151854477705
6,160.0,900.0,0.5,0.9235205334263409
7,160.0,950.0,0.5,0.6222795697350797
8,160.0,1000.0,0.5,0.5532815520570081
9,160.0,1050.0,0.5,0.5176109848811141
10,240.0,600.0,0.5,-0.00645860987264172
11,240.0,650.0,0.5,-0.007423409343718296
12,240.0,700.0,0.5,-0.008811902199263913
13,240.0,750.0,0.5,-0.01097886658494406
14,240.0,800.0,0.5,-0.01487800819143575
15,240.0,850.0,0.5,0.9121073732114084
16,240.0,900.0,0.5,0.9700648850623806
17,240.0,950.0,0.5,-8.361129807988201e-05
18,240.0,1000.0,0.5,-3.7058586780000003e-09
19,240.0,1050.0,0.5,2.92715981e-10
20,320.0,600.0,0.5,-0.007030682144045846
21,320.0,650.0,0.5,-0.008003959148965175
22,320.0,700.0,0.5,-0.009394517572725207
23,320.0,750.0,0.5,-0.011548154831778892
24,320.0,800.0,0.5,-0.015393582902739598
25,320.0,850.0,0.5,0.913641426274138
26,320.0,900.0,0.5,0.9809832481102921
27,320.0,950.0,0.5,-0.6194281758506652
28,320.0,1000.0,0.5,4.727328063125e-09
29,320.0,1050.0,0.5,2.689424209625e-09
30,400.0,600.0,0.5,-0.007475256549691947
31,400.0,650.0,0.5,-0.00845666670769786
32,400.0,700.0,0.5,-0.009851264939365835
33,400.0,750.0,0.5,-0.01199895876518542
34,400.0,800.0,0.5,-0.01581212024133413
35,400.0,850.0,0.5,0.9137422106194564
36,400.0,900.0,0.5,0.027702985509146977
37,400.0,950.0,0.5,-0.6317044804454895
38,400.0,1000.0,0.5,-8.647151362192e-06
39,400.0,1050.0,0.5,0.00041540480992808404
40,480.0,600.0,0.5,-0.007724552617251017
41,480.0,650.0,0.5,-0.008704334510897761
42,480.0,700.0,0.5,-0.010093784157196105
43,480.0,750.0,0.5,-0.012229159658824984
44,480.0,800.0,0.5,-0.016013003472660596
45,480.0,850.0,0.5,0.9134031576995949
46,480.0,900.0,0.5,0.022889789687561737
47,480.0,950.0,0.5,-0.6365897652424329
48,480.0,1000.0,0.5,3.66492322126875e-07
49,480.0,1050.0,0.5,1.7778222586939845e-07
50,560.0,600.0,0.5,-0.008144148273571076
51,560.0,650.0,0.5,-0.009131345510882672
52,560.0,700.0,0.5,-0.01052586465324099
53,560.0,750.0,0.5,-0.012660398136895049
54,560.0,800.0,0.5,-0.016427611085915263
55,560.0,850.0,0.5,0.9130095659378061
56,560.0,900.0,0.5,0.02026917385599138
57,560.0,950.0,0.5,-0.6391308136547557
58,560.0,1000.0,0.5,-0.5423149294583249
59,560.0,1050.0,0.5,-7.47536107723965e-05
60,640.0,600.0,0.5,-0.008750414936632693
61,640.0,650.0,0.5,-0.00975694259241922
62,640.0,700.0,0.5,-0.011170313498172591
63,640.0,750.0,0.5,-0.013319672180906569
64,640.0,800.0,0.5,-0.017086998986423556
65,640.0,850.0,0.5,0.9123687685401111
66,640.0,900.0,0.5,0.018754306425538537
67,640.0,950.0,0.5,-0.6412610841549911
68,640.0,1000.0,0.5,-0.5341203808173096
69,640.0,1050.0,0.5,-0.5124705481405558
70,720.0,600.0,0.5,-0.009085477216303296
71,720.0,650.0,0.5,-0.010099277086587536
72,720.0,700.0,0.5,-0.011518632524574756
73,720.0,750.0,0.5,-0.013670104831652544
74,720.0,800.0,0.5,-0.017428328062581096
75,720.0,850.0,0.5,0.912017817822361
76,720.0,900.0,0.5,0.01765006819926395
77,720.0,950.0,0.5,-0.6398440257843239
78,720.0,1000.0,0.5,-0.5273284975829663
79,720.0,1050.0,0.5,-0.49937537845253455
80,800.0,600.0,0.5,-0.009491244790644617
81,800.0,650.0,0.5,-0.010515114630924468
82,800.0,700.0,0.5,-0.011943637692123229
83,800.0,750.0,0.5,-0.01410099547620256
84,800.0,800.0,0.5,-0.01785506148779992
85,800.0,850.0,0.5,0.9116239089423218
86,800.0,900.0,0.5,0.017243481558389583
87,800.0,950.0,0.5,0.36570475787880097
88,800.0,1000.0,0.5,-0.548052601249592
89,800.0,1050.0,0.5,-0.5080090381596947
90,160.0,600.0,1.0,-0.02184973099007188
91,160.0,650.0,1.0,-0.024927165941194183
92,160.0,700.0,1.0,-0.02942219987427554
93,160.0,750.0,1.0,-0.036599225880493205
94,160.0,800.0,1.0,0.934747695734752
95,160.0,850.0,1.0,0.9419044289471463
96,160.0,900.0,1.0,0.9850989824476496
97,160.0,950.0,1.0,0.20831720850260593
98,160.0,1000.0,1.0,-0.698359916421333
99,160.0,1050.0,1.0,0.2986155225007278
100,240.0,600.0,1.0,-0.023064012238483908
101,240.0,650.0,1.0,-0.02609617613371974
102,240.0,700.0,1.0,-0.030511316991715054
103,240.0,750.0,1.0,-0.037544780499422226
104,240.0,800.0,1.0,0.9342965228068845
105,240.0,850.0,1.0,0.9287314595484154
106,240.0,900.0,1.0,0.023274611701556865
107,240.0,950.0,1.0,0.17408820924055882
108,240.0,1000.0,1.0,0.2954435188835088
109,240.0,1050.0,1.0,0.37847942425991227
110,320.0,600.0,1.0,-0.025145739723656496
111,320.0,650.0,1.0,-0.02818155441860066
112,320.0,700.0,1.0,-0.03257460228533958
113,320.0,750.0,1.0,-0.03953115197611281
114,320.0,800.0,1.0,0.9325235083028902
115,320.0,850.0,1.0,0.9210957808211565
116,320.0,900.0,1.0,0.017708470388622288
117,320.0,950.0,1.0,0.1627372693218668
118,320.0,1000.0,1.0,0.29014100033037965
119,320.0,1050.0,1.0,0.6523898046066231
120,400.0,600.0,1.0,-0.02675755283604233
121,400.0,650.0,1.0,-0.02980169264635981
122,400.0,700.0,1.0,-0.034185638586848366
123,400.0,750.0,1.0,-0.04109605021937457
124,400.0,800.0,1.0,0.9310931266775913
125,400.0,850.0,1.0,0.9113430471902182
126,400.0,900.0,1.0,0.01953754681043053
127,400.0,950.0,1.0,0.15863016346599712
128,400.0,1000.0,1.0,0.283481706349005
129,400.0,1050.0,1.0,0.6525480276807827
130,480.0,600.0,1.0,-0.027686800909413178
131,480.0,650.0,1.0,-0.030717290101364182
132,480.0,700.0,1.0,-0.03507518747424041
133,480.0,750.0,1.0,-0.041934005929880155
134,480.0,800.0,1.0,0.9303625895491751
135,480.0,850.0,1.0,0.9078415082430423
136,480.0,900.0,1.0,0.05754146209436926
137,480.0,950.0,1.0,0.15461848697333
138,480.0,1000.0,1.0,0.2804872097958792
139,480.0,1050.0,1.0,0.652349288023258
140,560.0,600.0,1.0,-0.029219521346872793
141,560.0,650.0,1.0,-0.03225761332347092
142,560.0,700.0,1.0,-0.03661124884125805
143,560.0,750.0,1.0,-0.043440610304565745
144,560.0,800.0,1.0,0.9289447080252214
145,560.0,850.0,1.0,0.9064021732802833
146,560.0,900.0,1.0,0.048945895580825634
147,560.0,950.0,1.0,0.15335485081363304
148,560.0,1000.0,1.0,0.28562209941911254
149,560.0,1050.0,1.0,0.6490155701537553
150,640.0,600.0,1.0,-0.03141752951812228
151,640.0,650.0,1.0,-0.03449336047384093
152,640.0,700.0,1.0,-0.03887606751402223
153,640.0,750.0,1.0,-0.045709976361033716
154,640.0,800.0,1.0,0.9267399593571488
155,640.0,850.0,1.0,0.9044691074604491
156,640.0,900.0,1.0,0.07162734109570726
157,640.0,950.0,1.0,0.15648340858372206
158,640.0,1000.0,1.0,0.28242826294200135
159,640.0,1050.0,1.0,0.6595376889572038
160,720.0,600.0,1.0,-0.032642405274782675
161,720.0,650.0,1.0,-0.03572867465974571
162,720.0,700.0,1.0,-0.04011394647125866
163,720.0,750.0,1.0,-0.0469320881796222
164,720.0,800.0,1.0,0.9255800223670557
165,720.0,850.0,1.0,0.9035090201441812
166,720.0,900.0,1.0,0.9525268415939285
167,720.0,950.0,1.0,0.15784650974405562
168,720.0,1000.0,1.0,0.2886012769168515
169,720.0,1050.0,1.0,0.6449844943980605
170,800.0,600.0,1.0,-0.03412149979377828
171,800.0,650.0,1.0,-0.037224369109609266
172,800.0,700.0,1.0,-0.041618906442215116
173,800.0,750.0,1.0,-0.04842872653264973
174,800.0,800.0,1.0,0.9241374349277333
175,800.0,850.0,1.0,0.9022632245160541
176,800.0,900.0,1.0,0.9463252511659825
177,800.0,950.0,1.0,0.15965931846123568
178,800.0,1000.0,1.0,0.2887232709303504
179,800.0,1050.0,1.0,0.3436691783573203
180,160.0,600.0,1.5,0.8609997996003961
181,160.0,650.0,1.5,0.9018726310787488
182,160.0,700.0,1.5,0.9155981722850919
183,160.0,750.0,1.5,0.9132184681848726
184,160.0,800.0,1.5,0.9093096274534718
185,160.0,850.0,1.5,0.9112068128929672
186,160.0,900.0,1.5,0.03168027589494218
187,160.0,950.0,1.5,0.13026584557914458
188,160.0,1000.0,1.5,0.1938331012290089
189,160.0,1050.0,1.5,0.2568394669470878
190,240.0,600.0,1.5,0.8584399114026843
191,240.0,650.0,1.5,0.8993920095575368
192,240.0,700.0,1.5,0.9132593257841095
193,240.0,750.0,1.5,0.9097808139413663
194,240.0,800.0,1.5,0.8989888578240447
195,240.0,850.0,1.5,0.8769735567323723
196,240.0,900.0,1.5,0.023689712573642593
197,240.0,950.0,1.5,0.08504899966797008
198,240.0,1000.0,1.5,0.1722128609193177
199,240.0,1050.0,1.5,0.2371362017440363
200,320.0,600.0,1.5,0.8540887613288022
201,320.0,650.0,1.5,0.8950625387430802
202,320.0,700.0,1.5,0.9090105228783779
203,320.0,750.0,1.5,0.9056410388001604
204,320.0,800.0,1.5,0.8912512919465867
205,320.0,850.0,1.5,0.8890937126819383
206,320.0,900.0,1.5,0.052875085043864484
207,320.0,950.0,1.5,0.1481893361987163
208,320.0,1000.0,1.5,0.17626199718690774
209,320.0,1050.0,1.5,0.24079614209164948
210,400.0,600.0,1.5,0.8507261420243276
211,400.0,650.0,1.5,0.891711444861799
212,400.0,700.0,1.5,0.9057043696527771
213,400.0,750.0,1.5,0.9024463378832397
214,400.0,800.0,1.5,0.8846608437890396
215,400.0,850.0,1.5,0.864521042638619
216,400.0,900.0,1.5,0.12003749139155756
217,400.0,950.0,1.5,0.1622253921123691
218,400.0,1000.0,1.5,0.17084555771555326
219,400.0,1050.0,1.5,0.23659455773042798
220,480.0,600.0,1.5,0.8487688363998841
221,480.0,650.0,1.5,0.8897916045635162
222,480.0,700.0,1.5,0.903856771431906
223,480.0,750.0,1.5,0.9007227299433348
224,480.0,800.0,1.5,0.8884986485676988
225,480.0,850.0,1.5,0.9002849854432031
226,480.0,900.0,1.5,0.9266022002843164
227,480.0,950.0,1.5,7.357623790328504
228,480.0,1000.0,1.5,0.1715218599005306
229,480.0,1050.0,1.5,0.23891159410281715
230,560.0,600.0,1.5,0.8455673045469037
231,560.0,650.0,1.5,0.886599581253883
232,560.0,700.0,1.5,0.9007075111027663
233,560.0,750.0,1.5,0.8976773504464334
234,560.0,800.0,1.5,0.8717688333306873
235,560.0,850.0,1.5,0.8925905278780639
236,560.0,900.0,1.5,-3.5254492035096088
237,560.0,950.0,1.5,2.4242074147079755
238,560.0,1000.0,1.5,0.1755861306121588
239,560.0,1050.0,1.5,0.23913535034248226
240,640.0,600.0,1.5,0.8409847085941939
241,640.0,650.0,1.5,0.8819808597373535
242,640.0,700.0,1.5,0.8960865003426063
243,640.0,750.0,1.5,0.8931183189840922
244,640.0,800.0,1.5,0.8674693500749188
245,640.0,850.0,1.5,0.7745878177456538
246,640.0,900.0,1.5,-3.327704683730746
247,640.0,950.0,1.5,9.694530536180192
248,640.0,1000.0,1.5,0.18493656696114644
249,640.0,1050.0,1.5,0.24745784573619672
250,720.0,600.0,1.5,0.838424015898984
251,720.0,650.0,1.5,0.8794266263317666
252,720.0,700.0,1.5,0.8935543651426878
253,720.0,750.0,1.5,0.8906535960899211
254,720.0,800.0,1.5,0.8652033311229294
255,720.0,850.0,1.5,0.8216766856650949
256,720.0,900.0,1.5,-4.403986584874976
257,720.0,950.0,1.5,10.581691317689485
258,720.0,1000.0,1.5,0.1891677522995621
259,720.0,1050.0,1.5,0.25150141592196396
260,800.0,600.0,1.5,0.8353446144503576
261,800.0,650.0,1.5,0.8763325438422432
262,800.0,700.0,1.5,0.8904806883018672
263,800.0,750.0,1.5,0.8876535229811943
264,800.0,800.0,1.5,0.8623947749757265
265,800.0,850.0,1.5,0.8030484863797043
266,800.0,900.0,1.5,-4.545779580105365
267,800.0,950.0,1.5,7.563926006450923
268,800.0,1000.0,1.5,0.1943761876215254
269,800.0,1050.0,1.5,0.25603911723293693
270,160.0,600.0,2.0,0.8987132259185073
271,160.0,650.0,2.0,0.895363438583701
272,160.0,700.0,2.0,0.8904108408323613
273,160.0,750.0,2.0,0.8828810810754504
274,160.0,800.0,2.0,0.8704010137124166
275,160.0,850.0,2.0,0.05086723937160762
276,160.0,900.0,2.0,0.028177642116629282
277,160.0,950.0,2.0,0.0712556195865015
278,160.0,1000.0,2.0,0.13110066623411692
279,160.0,1050.0,2.0,0.1783746255296061
280,240.0,600.0,2.0,0.8942639321815691
281,240.0,650.0,2.0,0.8888531961341342
282,240.0,700.0,2.0,0.8823465091075738
283,240.0,750.0,2.0,0.8691330080643317
284,240.0,800.0,2.0,0.8834683201965899
285,240.0,850.0,2.0,0.06411213161160481
286,240.0,900.0,2.0,0.09444869689613175
287,240.0,950.0,2.0,0.9192223220236924
288,240.0,1000.0,2.0,0.1798930821720555
289,240.0,1050.0,2.0,0.16740782512380814
290,320.0,600.0,2.0,0.8870870679874131
291,320.0,650.0,2.0,0.8814513353301016
292,320.0,700.0,2.0,0.872545609442771
293,320.0,750.0,2.0,0.8642688143657031
294,320.0,800.0,2.0,0.8886387297210717
295,320.0,850.0,2.0,0.069662718080595
296,320.0,900.0,2.0,0.9047185075681747
297,320.0,950.0,2.0,0.8607555922981385
298,320.0,1000.0,2.0,0.19956778151358273
299,320.0,1050.0,2.0,0.8358293939100446
300,400.0,600.0,2.0,0.8815563806905616
301,400.0,650.0,2.0,0.8759648796696099
302,400.0,700.0,2.0,0.8625342808080662
303,400.0,750.0,2.0,0.8798365851031844
304,400.0,800.0,2.0,0.8817442859087559
305,400.0,850.0,2.0,0.9078842856033571
306,400.0,900.0,2.0,0.8911532967643039
307,400.0,950.0,2.0,0.8473341346145801
308,400.0,1000.0,2.0,8.874288825162681
309,400.0,1050.0,2.0,2.069432258553282
310,480.0,600.0,2.0,0.8783259315006086
311,480.0,650.0,2.0,0.8728243628948013
312,480.0,700.0,2.0,0.8582788622828968
313,480.0,750.0,2.0,0.85444651836825
314,480.0,800.0,2.0,0.8742205083966195
315,480.0,850.0,2.0,0.893739829635402
316,480.0,900.0,2.0,1.968503515105843
317,480.0,950.0,2.0,0.8434817608560522
318,480.0,1000.0,2.0,10.569515377947281
319,480.0,1050.0,2.0,3.2173288515781433
320,560.0,600.0,2.0,0.8730721650613814
321,560.0,650.0,2.0,0.8676382825176174
322,560.0,700.0,2.0,0.8532146195424254
323,560.0,750.0,2.0,0.8613580784381257
324,560.0,800.0,2.0,0.8680688071632894
325,560.0,850.0,2.0,0.8737365577911044
326,560.0,900.0,2.0,0.10010543043408295
327,560.0,950.0,2.0,-4.79739258025204
328,560.0,1000.0,2.0,10.450016345666967
329,560.0,1050.0,2.0,4.603094296361009
330,640.0,600.0,2.0,0.865557356029043
331,640.0,650.0,2.0,0.8601357559232237
332,640.0,700.0,2.0,0.8458024902623836
333,640.0,750.0,2.0,0.8422858339992
334,640.0,800.0,2.0,0.8114840982510119
335,640.0,850.0,2.0,0.8248879352550506
336,640.0,900.0,2.0,0.14092299359632957
337,640.0,950.0,2.0,1.2706619089085203
338,640.0,1000.0,2.0,12.321013572776161
339,640.0,1050.0,2.0,5.092641509872328
340,720.0,600.0,2.0,0.861381296653141
341,720.0,650.0,2.0,0.856005921348985
342,720.0,700.0,2.0,0.8417723114674905
343,720.0,750.0,2.0,0.8256261096880153
344,720.0,800.0,2.0,0.8086208738080649
345,720.0,850.0,2.0,0.8044100986039613
346,720.0,900.0,2.0,0.1383414579748268
347,720.0,950.0,2.0,0.6808046152221039
348,720.0,1000.0,2.0,16.295049333126475
349,720.0,1050.0,2.0,4.453713229812536
350,800.0,600.0,2.0,0.8563279486793386
351,800.0,650.0,2.0,0.8509941325942494
352,800.0,700.0,2.0,0.8368635829957136
353,800.0,750.0,2.0,0.818685923701501
354,800.0,800.0,2.0,0.7706029792954165
355,800.0,850.0,2.0,0.8197011088307273
356,800.0,900.0,2.0,0.16175785944553522
357,800.0,950.0,2.0,1.5535654898303755
358,800.0,1000.0,2.0,18.322366830196156
359,800.0,1050.0,2.0,7.477244985378308
360,160.0,600.0,3.0,0.864309677108141
361,160.0,650.0,3.0,0.8614917678798039
362,160.0,700.0,3.0,0.12603694597959822
363,160.0,750.0,3.0,0.08058809222942043
364,160.0,800.0,3.0,0.07725999946512285
365,160.0,850.0,3.0,0.09085945938063111
366,160.0,900.0,3.0,0.8899617869432561
367,160.0,950.0,3.0,0.9133064139662386
368,160.0,1000.0,3.0,0.8852575161423131
369,160.0,1050.0,3.0,0.8576514027379905
370,240.0,600.0,3.0,0.8530975593715654
371,240.0,650.0,3.0,0.8486421489133742
372,240.0,700.0,3.0,0.10441991937852538
373,240.0,750.0,3.0,0.10252353883439738
374,240.0,800.0,3.0,0.8842795179361782
375,240.0,850.0,3.0,0.8845167030637674
376,240.0,900.0,3.0,0.8674027088057273
377,240.0,950.0,3.0,0.8358557708298618
378,240.0,1000.0,3.0,0.8190869588577745
379,240.0,1050.0,3.0,0.8030997098550219
380,320.0,600.0,3.0,0.8331927572552507
381,320.0,650.0,3.0,0.8324520214609112
382,320.0,700.0,3.0,0.1375735801076756
383,320.0,750.0,3.0,0.8555873259824079
384,320.0,800.0,3.0,0.8422343732156198
385,320.0,850.0,3.0,2.124240303206863
386,320.0,900.0,3.0,0.13975397784335764
387,320.0,950.0,3.0,0.15516084511312167
388,320.0,1000.0,3.0,-1.013811824492709
389,320.0,1050.0,3.0,0.7444987370924514
390,400.0,600.0,3.0,0.817803401880147
391,400.0,650.0,3.0,0.852823208905075
392,400.0,700.0,3.0,0.20173522993862786
393,400.0,750.0,3.0,0.8156258358495286
394,400.0,800.0,3.0,3.7906795676692555
395,400.0,850.0,3.0,0.15067742702784637
396,400.0,900.0,3.0,0.139458965023508
397,400.0,950.0,3.0,0.22732343794540935
398,400.0,1000.0,3.0,0.2222421020528223
399,400.0,1050.0,3.0,-1.848717927504141
400,480.0,600.0,3.0,0.8196735449885315
401,480.0,650.0,3.0,0.7941160575605511
402,480.0,700.0,3.0,0.23552752644706335
403,480.0,750.0,3.0,0.7855987435343549
404,480.0,800.0,3.0,4.814059468416685
405,480.0,850.0,3.0,0.14881752698553716
406,480.0,900.0,3.0,-5.1682145671703905
407,480.0,950.0,3.0,0.26294588656619744
408,480.0,1000.0,3.0,0.2421820071400816
409,480.0,1050.0,3.0,-1.5227660370295948
410,560.0,600.0,3.0,0.803565097343321
411,560.0,650.0,3.0,0.7517138350444958
412,560.0,700.0,3.0,0.2916538620718464
413,560.0,750.0,3.0,0.770288907895465
414,560.0,800.0,3.0,2.0619262703766252
415,560.0,850.0,3.0,0.1400743597684267
416,560.0,900.0,3.0,1.6582630941569378
417,560.0,950.0,3.0,-1.9954276879297848
418,560.0,1000.0,3.0,0.3111126182946629
419,560.0,1050.0,3.0,-3.534467879195222
420,640.0,600.0,3.0,0.82864152115877
421,640.0,650.0,3.0,0.7360434476872197
422,640.0,700.0,3.0,0.30498533760147073
423,640.0,750.0,3.0,0.7603375294557807
424,640.0,800.0,3.0,4.010669998518281
425,640.0,850.0,3.0,-0.8912265579159135
426,640.0,900.0,3.0,0.18216748814393774
427,640.0,950.0,3.0,0.6645289897041501
428,640.0,1000.0,3.0,-0.29382522662924143
429,640.0,1050.0,3.0,-7.363935722896072
430,720.0,600.0,3.0,0.7403639134894393
431,720.0,650.0,3.0,0.7097626350773995
432,720.0,700.0,3.0,0.4062453683365663
433,720.0,750.0,3.0,3.381886929441699
434,720.0,800.0,3.0,1.0553152431505202
435,720.0,850.0,3.0,-2.8015118521755182
436,720.0,900.0,3.0,1.809683621901608
437,720.0,950.0,3.0,0.616647188793127
438,720.0,1000.0,3.0,-0.626163558052725
439,720.0,1050.0,3.0,-5.420746323517182
440,800.0,600.0,3.0,0.7811174392405137
441,800.0,650.0,3.0,0.7239161023926495
442,800.0,700.0,3.0,0.45695987817301237
443,800.0,750.0,3.0,3.2986483428497566
444,800.0,800.0,3.0,2.303912649748497
445,800.0,850.0,3.0,-1.810087215887403
446,800.0,900.0,3.0,7.771951170424868
447,800.0,950.0,3.0,0.4238364699866458
448,800.0,1000.0,3.0,-1.7617159205042723
449,800.0,1050.0,3.0,-5.840822900361664
